,profile_id,bottom_id,top_id,distance,slope,volume,method,bottom_x,bottom_y,bottom_elevation,top_x,top_y,top_elevation
0,1,25,51,26.000000000032134,22.932100437564372,192.5,1,232295.2522865622,695783.1895997239,1.0,232301.73472453715,695758.0106800111,12.0
0,3,27,51,23.999999999957545,38.367485384910864,272.5,1,213264.505976378,689871.2882543085,2.0,213272.9760746853,689848.8325771942,21.0
